la갈비,,,,,,,,,
가래떡,,,,,,,,,
가시오가피순,,,,,,,,,
가시오가피순삶은거,,,,,,,,,
가지,,,,,,,,,
간장,,,,,,,,,
갈비통닭볶음면,,,,,,,,,
갈치,,,,,,,,,
갈치속젓,,,,,,,,,
감자,,,,,,,,,
감자국수,,,,,,,,,
게맛살,,,,,,,,,
계란,,,,,,,,,
계란흰자,,,,,,,,,
고구마,,,,,,,,,
고기만두,,,,,,,,,
고등어,,,,,,,,,
고추가루,,,,,,,,,
고추장,,,,,,,,,
고추장아찌,,,,,,,,,
고추참치,,,,,,,,,
곤약분말,,,,,,,,,
골뱅이,,,,,,,,,
골뱅이작은거,,,,,,,,,
공심채,,,,,,,,,
관자,,,,,,,,,
구운감태,,,,,,,,,
국물용멸치,,,,,,,,,
국수,,,,,,,,,
군진미채진미채,,,,,,,,,
굴소스,,,,,,,,,
귀리,,,,,,,,,
근대,,,,,,,,,
김,,,,,,,,,
김밥김,,,,,,,,,
김밥용김,,,,,,,,,
김치,,,,,,,,,
까르보불닭라볶이,,,,,,,,,
깐메추리알,,,,,,,,,
깐쪽파,,,,,,,,,
깻잎,,,,,,,,,
껍질깐밤,,,,,,,,,
꼬막,,,,,,,,,
꼬불꼬불물냉면,,,,,,,,,
꽃게,,,,,,,,,
꽈리고추,,,,,,,,,
꿀미니고구마,,,,,,,,,
남은족발,,,,,,,,,
냉라면,,,,,,,,,
냉면사리,,,,,,,,,
냉이,,,,,,,,,
녹차숙성삼겹살,,,,,,,,,
다진마늘,,,,,,,,,
다진소고기,,,,,,,,,
다크커버춰초콜릿,,,,,,,,,
단무지,,,,,,,,,
달걀,,,,,,,,,
달걀말이,,,,,,,,,
달걀흰자,,,,,,,,,
달래,,,,,,,,,
닭,,,,,,,,,
닭반마리,,,,,,,,,
닭날개,,,,,,,,,
닭다리,,,,,,,,,
닭다리살,,,,,,,,,
닭볶음탕용,,,,,,,,,
닭볶음탕용닭,,,,,,,,,
당근,,,,,,,,,
당면,,,,,,,,,
대게딱지장,,,,,,,,,
대구,,,,,,,,,
대파,,,,,,,,,
대패삼겹살,,,,,,,,,
더덕,,,,,,,,,
데친눈개승마,,,,,,,,,
데친두릅,,,,,,,,,
데친머위,,,,,,,,,
도라지,,,,,,,,,
도삭면,,,,,,,,,
도토리쫄쫄면,,,,,,,,,
도토리묵,,,,,,,,,
돈가스,,,,,,,,,
돈까스,,,,,,,,,
돌나물,,,,,,,,,
돌산갓,,,,,,,,,
동글한어묵,,,,,,,,,
동태포,,,,,,,,,
돼지LA갈비,,,,,,,,,
돼지갈비,,,,,,,,,
돼지고기,,,,,,,,,
돼지고기목살,,,,,,,,,
돼지고기삼겹살,,,,,,,,,
돼지고기안심,,,,,,,,,
돼지고기전지살,,,,,,,,,
돼지고기다짐육,,,,,,,,,
돼지등갈비,,,,,,,,,
돼지등뼈,,,,,,,,,
된장,,,,,,,,,
두릅,,,,,,,,,
두부,,,,,,,,,
두유,,,,,,,,,
따뜻한밥,,,,,,,,,
딸기,,,,,,,,,
떡,,,,,,,,,
떡국떡,,,,,,,,,
떡볶이떡,,,,,,,,,
떡볶이용떡,,,,,,,,,
또띠아,,,,,,,,,
라면,,,,,,,,,
라면사리,,,,,,,,,
마늘대,,,,,,,,,
마늘종,,,,,,,,,
마른새우,,,,,,,,,
마른미역,,,,,,,,,
마카로니,,,,,,,,,
마카롱꼬끄재료,,,,,,,,,
막국수메밀면,,,,,,,,,
막대어묵,,,,,,,,,
만두,,,,,,,,,
맛살,,,,,,,,,
망고,,,,,,,,,
매생이,,,,,,,,,
매실청,,,,,,,,,
매운라면,,,,,,,,,
멍게무침,,,,,,,,,
메주,,,,,,,,,
멥쌀가루,,,,,,,,,
멸치,,,,,,,,,
멸치다시국물티백,,,,,,,,,
멸치똥,,,,,,,,,
명이나물,,,,,,,,,
모듬샐러드채소,,,,,,,,,
모시조개,,,,,,,,,
목우촌교자만두,,,,,,,,,
목이버섯,,,,,,,,,
무,,,,,,,,,
무말랭이,,,,,,,,,
무우장아찌,,,,,,,,,
묵은지,,,,,,,,,
물,,,,,,,,,
물파래,,,,,,,,,
미나리,,,,,,,,,
미역,,,,,,,,,
미역듬뿍초장비빔면,,,,,,,,,
밀가루,,,,,,,,,
바게트빵,,,,,,,,,
바나나,,,,,,,,,
바질,,,,,,,,,
박력분,,,,,,,,,
반건조아귀,,,,,,,,,
밥,,,,,,,,,
밥솥쿠쿠,,,,,,,,,
방울토마토,,,,,,,,,
방풍나물,,,,,,,,,
배,,,,,,,,,
배추,,,,,,,,,
배추속노란부분,,,,,,,,,
배추김치,,,,,,,,,
백앙금,,,,,,,,,
백오이,,,,,,,,,
버터,,,,,,,,,
병어,,,,,,,,,
봄동,,,,,,,,,
부추,,,,,,,,,
분말한천,,,,,,,,,
불려둔떡국떡,,,,,,,,,
불린미역,,,,,,,,,
브로콜리,,,,,,,,,
비빔면,,,,,,,,,
비엔나소세지,,,,,,,,,
비엔나소시지,,,,,,,,,
사골육수,,,,,,,,,
삶은단호박,,,,,,,,,
삶은무청,,,,,,,,,
삶은무청시레기,,,,,,,,,
삶은타피오카펄,,,,,,,,,
삶은달걀,,,,,,,,,
삶은시래기,,,,,,,,,
삼겹살,,,,,,,,,
상추,,,,,,,,,
새송이버섯,,,,,,,,,
새우,,,,,,,,,
새우젓,,,,,,,,,
샘표만능냉육수,,,,,,,,,
생딸기,,,,,,,,,
생새우나급냉동새우,,,,,,,,,
생수,,,,,,,,,
생우동면,,,,,,,,,
생크림,,,,,,,,,
설탕,,,,,,,,,
세발나물,,,,,,,,,
소고기,,,,,,,,,
소고기국거리,,,,,,,,,
소고기사태,,,,,,,,,
소금,,,,,,,,,
소면,,,,,,,,,
손질한무,,,,,,,,,
쇠고기불고기용,,,,,,,,,
순대,,,,,,,,,
스트링치즈,,,,,,,,,
스파게티,,,,,,,,,
스파게티면,,,,,,,,,
스팸,,,,,,,,,
시금치,,,,,,,,,
시판짜장라면,,,,,,,,,
시판팟타이,,,,,,,,,
시판용마라탕소스,,,,,,,,,
식빵,,,,,,,,,
식빵테두리,,,,,,,,,
신선한연어,,,,,,,,,
실한천,,,,,,,,,
실곤약,,,,,,,,,
실치&멸치,,,,,,,,,
쌀,,,,,,,,,
쌀가루,,,,,,,,,
쌀국수,,,,,,,,,
쌈배추,,,,,,,,,
쑥,,,,,,,,,
아보카도,,,,,,,,,
알감자,,,,,,,,,
알배기배추,,,,,,,,,
알배추,,,,,,,,,
알토란,,,,,,,,,
애호박,,,,,,,,,
양배추,,,,,,,,,
양파,,,,,,,,,
어묵,,,,,,,,,
얼갈이,,,,,,,,,
연근,,,,,,,,,
열무,,,,,,,,,
오뎅,,,,,,,,,
오뚜기면사랑집밥식볶음짜장,,,,,,,,,
오뚜기옛날고추맛기름,,,,,,,,,
오뚜기진라면,,,,,,,,,
오뚜기찹쌀왕만두피,,,,,,,,,
오뚜기찹쌀미니도나스믹스,,,,,,,,,
오뚜기찹쌀호떡믹스,,,,,,,,,
오이,,,,,,,,,
오이지,,,,,,,,,
오징어,,,,,,,,,
오징어몸통,,,,,,,,,
옥수수캔,,,,,,,,,
옥수수통조림,,,,,,,,,
왕만두,,,,,,,,,
왕만두피,,,,,,,,,
우동,,,,,,,,,
우동면,,,,,,,,,
우리밀,,,,,,,,,
우엉,,,,,,,,,
원추리,,,,,,,,,
유기농박력분,,,,,,,,,
유채나물,,,,,,,,,
익은김치,,,,,,,,,
일본카레,,,,,,,,,
작은닭,,,,,,,,,
잔멸치,,,,,,,,,
재래김,,,,,,,,,
고형카레,,,,,,,,,
전복,,,,,,,,,
전분가루튀김가루,,,,,,,,,
젤라틴,,,,,,,,,
조랭이떡,,,,,,,,,
좋아하는라면,,,,,,,,,
죠리퐁,,,,,,,,,
주꾸미,,,,,,,,,
진간장,,,,,,,,,
진달래꽃,,,,,,,,,
진미채,,,,,,,,,
진짜쫄면,,,,,,,,,
짜장라면,,,,,,,,,
쪽파,,,,,,,,,
쪽파대,,,,,,,,,
쫄면,,,,,,,,,
쫄면면,,,,,,,,,
쭈꾸미,,,,,,,,,
차조쌀,,,,,,,,,
찬밥,,,,,,,,,
찰수수가루,,,,,,,,,
참두릅,,,,,,,,,
참취나물,,,,,,,,,
참기름,,,,,,,,,
참외,,,,,,,,,
참치,,,,,,,,,
참치캔,,,,,,,,,
찹쌀,,,,,,,,,
찹쌀도나스믹스,,,,,,,,,
파프리카,,,,,,,,,
청경채,,,,,,,,,
청고추,,,,,,,,,
청양고추,,,,,,,,,
청포묵,,,,,,,,,
초벌부추,,,,,,,,,
총각무,,,,,,,,,
총알오징어,,,,,,,,,
취나물,,,,,,,,,
치킨너겟,,,,,,,,,
칠갑농산미싯가루,,,,,,,,,
카스테라,,,,,,,,,
칵테일새우,,,,,,,,,
칼국수,,,,,,,,,
코다리,,,,,,,,,
코코아파우더,,,,,,,,,
콜라비,,,,,,,,,
콩나물,,,,,,,,,
큰감자,,,,,,,,,
토마토,,,,,,,,,
톳,,,,,,,,,
투명한음료수,,,,,,,,,
튀김칼국수,,,,,,,,,
파베생초콜릿만들기세트,,,,,,,,,
파스타면,,,,,,,,,
파프리카홍색,,,,,,,,,
팽이버섯,,,,,,,,,
포두부,,,,,,,,,
표고버섯,,,,,,,,,
푸실리,,,,,,,,,
풋마늘,,,,,,,,,
프라임허브닭가슴살,,,,,,,,,
프레스코트러플크림소스,,,,,,,,,
피망,,,,,,,,,
한우,,,,,,,,,
할라피뇨피클,,,,,,,,,
핫케이크가루,,,,,,,,,
핫케이크믹스,,,,,,,,,
현미,,,,,,,,,
현미밥,,,,,,,,,
호박,,,,,,,,,
화이트초콜릿,,,,,,,,,
황태채,,,,,,,,,
황태포,,,,,,,,,
회처럼먹는곤약분말,,,,,,,,,
후랑크소시지,,,,,,,,,
훈제계란,,,,,,,,,
굵은소금,,,,,,,,,
들기름,,,,,,,,,
후추,,,,,,,,,
오레오,,,,,,,,,
짤주머니,,,,,,,,,
꿀,,,,,,,,,
시럽,,,,,,,,,
아몬드가루,,,,,,,,,
수제단무지,,,,,,,,,
다진파,,,,,,,,,
식용류,,,,,,,,,
다시마우린물,,,,,,,,,
제육,,,,,,,,,
후춧가루,,,,,,,,,
식용유,,,,,,,,,
베이킹파우더,,,,,,,,,
모차렐라치즈,,,,,,,,,
깨,,,,,,,,,
홍고추,,,,,,,,,
가쓰오부시,,,,,,,,,
통후추,,,,,,,,,
우유,,,,,,,,,
돈가스소스,,,,,,,,,
후추참기름,,,,,,,,,
국간장,,,,,,,,,
간마늘,,,,,,,,,
노른자,,,,,,,,,
전분물,,,,,,,,,
카레가루,,,,,,,,,
달걀옵션,,,,,,,,,
기름,,,,,,,,,
청량고추,,,,,,,,,
파마산치즈가루,,,,,,,,,
대파흰부분,,,,,,,,,
마늘,,,,,,,,,
파,,,,,,,,,
대추썬것,,,,,,,,,
통깨,,,,,,,,,
양상추,,,,,,,,,
동치미김치국물,,,,,,,,,
참치액,,,,,,,,,
물김치,,,,,,,,,
레몬즙,,,,,,,,,
유부,,,,,,,,,
고춧가루,,,,,,,,,
플레인요거트,,,,,,,,,
멸치농축액,,,,,,,,,
부침가루,,,,,,,,,
멸치액젓,,,,,,,,,
메이플시럽또는꿀,,,,,,,,,
바닐라에센스,,,,,,,,,
계란노른자,,,,,,,,,
마요네즈,,,,,,,,,
슬라이스치즈,,,,,,,,,
깨소금,,,,,,,,,
다진생강,,,,,,,,,
가쓰오육수,,,,,,,,,
벚꽃&별모양깍지,,,,,,,,,
채썬양파,,,,,,,,,
강아지개껌,,,,,,,,,
잣가루,,,,,,,,,
얼음약,,,,,,,,,
쌈장,,,,,,,,,
고추,,,,,,,,,
멸치육수,,,,,,,,,
소고기육수,,,,,,,,,
파스타국물,,,,,,,,,
칠리소스,,,,,,,,,
마늘슬라이스혹은다진것,,,,,,,,,
건두부,,,,,,,,,
볶은깨,,,,,,,,,
콩,,,,,,,,,
휘핑크림,,,,,,,,,
천연조미료육수,,,,,,,,,
새우가루,,,,,,,,,
식초,,,,,,,,,
다진새우젓,,,,,,,,,
맛술,,,,,,,,,
파마산치즈,,,,,,,,,
고운소금,,,,,,,,,
종이호일,,,,,,,,,
콩가루,,,,,,,,,
호두,,,,,,,,,
참깨,,,,,,,,,
통마늘,,,,,,,,,
다시마,,,,,,,,,
후리가케,,,,,,,,,
풋고추,,,,,,,,,
소주,,,,,,,,,
올리고당,,,,,,,,,
치즈,,,,,,,,,
편생강,,,,,,,,,
감자전분,,,,,,,,,
파슬리,,,,,,,,,
물엿,,,,,,,,,
들깨가루,,,,,,,,,
기타채소,,,,,,,,,
김가루,,,,,,,,,
버섯,,,,,,,,,
볶음김치,,,,,,,,,
멍게,,,,,,,,,
참소스,,,,,,,,,
참치액젓,,,,,,,,,
계피가루,,,,,,,,,
코팅용초콜릿,,,,,,,,,
조미김,,,,,,,,,
봄나물,,,,,,,,,
별사탕&아라잔,,,,,,,,,
바닐라익스트렉,,,,,,,,,
흰쌀밥,,,,,,,,,
사과모양틀,,,,,,,,,
강아지육포,,,,,,,,,
젓가락,,,,,,,,,
월계수잎,,,,,,,,,
데리야끼소스,,,,,,,,,
대파초록부분,,,,,,,,,
액젓,,,,,,,,,
피자치즈,,,,,,,,,
토마토소스,,,,,,,,,
맛타리버섯,,,,,,,,,
표고버섯반줌,,,,,,,,,
슈가파우더,,,,,,,,,
표고버섯가루,,,,,,,,,
매실액,,,,,,,,,
생강,,,,,,,,,
케찹,,,,,,,,,
메밀가루,,,,,,,,,
포도씨유,,,,,,,,,
군고구마,,,,,,,,,
현미기름,,,,,,,,,
콩나물두줌,,,,,,,,,
연두청양초,,,,,,,,,
생강가루,,,,,,,,,
썬파,,,,,,,,,
미소된장,,,,,,,,,
골뱅이국물,,,,,,,,,
캔참치,,,,,,,,,
베이컨,,,,,,,,,
통헤이즐넛,,,,,,,,,
대추,,,,,,,,,
조청,,,,,,,,,
불맛향미유기름,,,,,,,,,
커피파우더,,,,,,,,,
이쑤시개,,,,,,,,,
쌀뜨물,,,,,,,,,
슬라이스햄,,,,,,,,,
페타치즈,,,,,,,,,
초코우유,,,,,,,,,
와사비,,,,,,,,,
매실액기스,,,,,,,,,
골드더스팅파우더,,,,,,,,,
콩기름,,,,,,,,,
배추절임용천일염,,,,,,,,,
레몬,,,,,,,,,
육수,,,,,,,,,
굵은고춧가루,,,,,,,,,
소금,,,,,,,,,
어린잎채소,,,,,,,,,
말린표고버섯,,,,,,,,,
표고가루,,,,,,,,,
닭가슴살,,,,,,,,,
꽃소금,,,,,,,,,
라면소스,,,,,,,,,
찹쌀가루,,,,,,,,,
전분,,,,,,,,,
가다랑어포,,,,,,,,,
모짜렐라치즈,,,,,,,,,
닭삶은물,,,,,,,,,
빨간파프리카,,,,,,,,,
육수용멸치,,,,,,,,,
다진양파,,,,,,,,,
집된장,,,,,,,,,
달걀노른자,,,,,,,,,
두반장,,,,,,,,,
통후추간것넉넉하게,,,,,,,,,
달걀생략가능,,,,,,,,,
초코렛,,,,,,,,,
숙주,,,,,,,,,
다시육수,,,,,,,,,
찬물정도,,,,,,,,,
체다치즈,,,,,,,,,
고운고춧가루,,,,,,,,,
대파썬것,,,,,,,,,
파슬리가루,,,,,,,,,
닭가슴살소세지,,,,,,,,,
버터또는마가린,,,,,,,,,
덧가루,,,,,,,,,
토핑류우유,,,,,,,,,
노랑파프리카,,,,,,,,,
다시마물,,,,,,,,,
멸치다시마육수,,,,,,,,,
핫소스,,,,,,,,,
우유나무가당두유,,,,,,,,,
가쓰오부시적당,,,,,,,,,
얼음,,,,,,,,,
디포리,,,,,,,,,
청주,,,,,,,,,
맛술미림,,,,,,,,,
빵가루,,,,,,,,,
천하장사소시지,,,,,,,,,
해물,,,,,,,,,
소세지,,,,,,,,,
닭가슴살큐브,,,,,,,,,
고춧씨,,,,,,,,,
흰죽,,,,,,,,,
참치쌈장,,,,,,,,,
건고추,,,,,,,,,
다진김치,,,,,,,,,
케첩,,,,,,,,,
전분가루,,,,,,,,,
설탕또는슈가파우더,,,,,,,,,
맛간장,,,,,,,,,
크림치즈,,,,,,,,,
참기름청주,,,,,,,,,
양송이버섯,,,,,,,,,
면수,,,,,,,,,
고수,,,,,,,,,
북어천연조미료육수,,,,,,,,,
밀가루풀,,,,,,,,,
땅콩,,,,,,,,,
달걀지단,,,,,,,,,
냉동코다리,,,,,,,,,
생강술,,,,,,,,,
어간장,,,,,,,,,
죽순,,,,,,,,,
천일염,,,,,,,,,
남은소주,,,,,,,,,
미림,,,,,,,,,
조선간장,,,,,,,,,
새우젓국물,,,,,,,,,
올리브유,,,,,,,,,
삶은톳,,,,,,,,,
파슬리넉넉히,,,,,,,,,
콩가루등,,,,,,,,,
바닐라익스트랙,,,,,,,,,
찹쌀풀,,,,,,,,,
스테이크소스,,,,,,,,,
닭육수,,,,,,,,,
페페론치니,,,,,,,,,
